3NQUW096N688UWPZIKJTM3DK0YG9LG,0.30294843057217563
324N5FAHSXBV7XKK0LCOZLP22QUKV4,0.32640424048574895
3KL228NDMVMCP0UPBQD2ZKMSFBUKG3,0.3439240401705733
375VMB7D4JJI7LUA9XRIGJ4IAFKIDB,0.3517310236029388
36MUZ9VAE626RGSODE1RV46QIMZEDK,0.2981677402608698
3VMV5CHJZ8FBSJKC5ZRU0B9OYOGTGD,0.3437919307783182
3OB6JN3A9QPY4E36CDKUD1S36PVMR1,0.35219765724150554
3X7837UUADYFHNZ1HS44ME9Q688J6I,0.3166501413938901
3U74KRR67MLH2B1YS34PQVILZ07NTK,0.331315376171594
3S4TINXCC0NZOA7TTWDH5QC4J3COBA,0.3228759393357784
3XT3KXP24ZYJMCFVZAJ4ADUQTTX6I7,0.31977318353024453
3VI0PC2ZAYK61DAUYS5ZUN3W24LXO9,0.3558356856347606
322ZSN9Z5GKVG3RSAYPTRMCL8HO4TE,0.33101326209431564
30EV7DWJTVV5CCU03S57W1OEJC0Y6A,0.33145535206478133
3K2CEDRACB1BKTGYG2PPDGTLU88MTQ,0.320898505610493
3A520CCNWN08T9PCT4AP53YKXKEAES,0.3082937218454622
34F34TZU7WZRZMG0UQS1W1SEQ3K2JY,0.3565462066904317
37Y5RYYI0P5LZ52N59M8ESDXZVYSXF,0.319522624266623
37PGLWGSJT6QLR0K1ED5KWZ8UOYKI7,0.3231088639177734
341YLJU21IZV4BWUC871K0DEDM4I27,0.3129657826736421
3CMV9YRYP31X08284WA6BXRNW3GLJB,0.33089553443240094
38Z7YZ2SB32CWUYFEJX2GIBHTU9IQG,0.337911370823351
3L2OEKSTW9ASGQDOW725GFK5P7LY8R,0.32368493386047176
3GS542CVJVNUS7MEQX3M5EHNE9X597,0.33329538314501106
30Y6N4AHYPWV0KXTZKLRUB59XB3DRA,0.3250738029094717
3CVDZS288H011OYXLIK0WCEK310MFM,0.33093099982842167
3L2OEKSTW9ASGQDOW725GFK5P71Y87,0.31406330776120056
3VLL1PIENQOV68A9ZATKR8J7A7QZOL,0.3364641037956715
3SA4EMRVJV2GPNGKAGT7A9LB24SP0N,0.32624170529067475
34F34TZU7WZRZMG0UQS1W1SEQ3Q2J4,0.300729037803276
3L55D8AUFAXUST31DJIAI1GOFY6CYB,0.32083373751287586
3KI0JD2ZU1IMXSYZGJF7JO4HFEK76D,0.33028161950902213
32TMVRKDGNYCIJZ470EY0QGYU6348T,0.308326755493311
38VTL6WC4AD9T8UMY9V24VAENII5YW,0.3174552291840698
307L9TDWJYSC3U34DOYY8IEN51V3NK,0.3663720390275511
3T2HW4QDUV7FRSVT57QUJKNX6P2C93,0.2962372489254794
36D1BWBEHN1H0UMLXN5TCTKVUV62MP,0.295046476195675
3IYI9285WS04X482RJH78E102U2JCT,0.31023135029043364
37SQU136V7ODFKI0LXMHNIMN4G711D,0.29974272564628085
31YWE12TE0CZG7IVH6OXJ1H1CH1X7D,0.3042041032833129
3G3AJKPCXLSRXPQMK4CSZ340NLP4YQ,0.3444770003367003
3ABAOCJ4R84YSDO6ZYVU8BIYA3YQM9,0.36025846439210785
334ZEL5JX6FY5WOV4IZCVFM4NRFSOW,0.31222140107123525
3ICOHX7ENCBCSWRU12DWGXM7OX50ES,0.3261030244020848
31YWE12TE0CZG7IVH6OXJ1H1CHKX7W,0.3008397155814411
3LN3BXKGC0V3K0O604W5NVGN2I3WGB,0.3508495466616046
3MG8450X2OAW59S08N7RZG9IIRQUPL,0.3258182525170983
37SOB9Z0SSXMFU0J1BIJVQAY07NL3U,0.35673312934424195
39RRBHZ0AU1QWSJ60MFYM0DF6ZVZVT,0.35499096132658375
3OJX0UFJ0Z7BDMCTRYBUDQ93DP99UA,0.3117301213392931
3NSCTNUR2ZN8XQWJI3HM19S7KQYA58,0.3598158496402912
33NOQL7T9OZSLGNTST4OUMT7V1UZ8O,0.3243204995540382
3DTJ4WT8BDF9UHXK5WQOMWPT64SZEN,0.3453645729859435
3CMV9YRYP31X08284WA6BXRNW3XJLQ,0.308326755493311
3KTZHH2ONIFSM9OAD4EUMKXYGX7M8P,0.3452579602472788
3URJ6VVYUPNF3BMKEH3UXC6Y9BVO44,0.34724776182328665
3ZQX1VYFTD5GMC9MQKT7EOM3BX38O7,0.3231389333752391
3PZDSVZ3J5HXLQM8D23HIN6TJZ24ND,0.38671415096399203
31S7M7DAGGQREBYDGQOAD3EWU60TLJ,0.33855750550012065
39I4RL8QGJH5BU0XA484D39XXPHH49,0.33095505504799055
39TX062QX1OHFOH8FUL76K5L7D3X3S,0.3060812686082306
30P8I9JKOILSPEZHTY8IXW6K5YYV5P,0.3347355600483912
3B0MCRZMBRUJD4K4R18XPAMJACNPPD,0.3234684707746518
3NI0WFPPI9G8FHYFVKUY49UU7ZH60D,0.34409455898775976
3HKIF5DF6YXS84BY7TMD9B8C4HD9GT,0.34216269012053974
3566S7OX5DJRQ6X2AD3QOSD072671F,0.3426437832039206
3RWB1RTQDJNY7CLN5K6M3ORTL2NP8T,0.30226527426902083
3DGDV62G7O9NLXJYP3XLTXEQZ0H2PL,0.327736953934809
3TLFH2L6Y9OLDPC56K65Y7FNO322TQ,0.31606046305029956
3S8APUMBJXJ5IXU0UTURIW3QR3EBF6,0.3576401585743062
30EMX9PEVKJFF53G6Q7JOY5V3M5KS4,0.35017359511771723
3P520RYKCH6SCZAHO8YD1A41RTVU59,0.34462867985301165
3XEDXEGFX3OFEWJ4XOOZESZC8U10KC,0.34123010057261316
3MG8450X2OAW59S08N7RZG9IITAPU4,0.3446130285615107
3W0XM68YZPVFLL4MT7SZSXIMDKMK1A,0.34593809479466864
3TZ0XG8CBUKDFP5GOVAPHYREGYH89T,0.3452952669997793
3TKSOBLOHLGF5GIKPR8VZ6C5C4OBBO,0.34574917868978844
3TLFH2L6Y9OLDPC56K65Y7FNO5S2TK,0.31516551513240576
3BFF0DJK8XCEIOT30ZLBPPSRMZQTSD,0.29165716263308405
3HEADTGN2PSHU1XFQ5LL0XBGXJ5VRR,0.3201131240846371
3EN4YVUOUCSS02JXIFDUMRMA3CQJXV,0.311106024880759
3GMLHYZ0LEXQENK1ZA3AC72UMWHUY3,0.31970889023038823
3ATYLI1PRT256T55HOQY3EVHR8GJOL,0.31247888890354525
37Y5RYYI0P5LZ52N59M8ESDXZV3XSP,0.32506246006185646
3EKTG13IZU3N1G8T7TNYRPJ40XMMLR,0.3561616388284665
3T6EIBTM9LO53W80DZ839K8TC2NAAY,0.31079919523110616
3TLFH2L6Y9OLDPC56K65Y7FNO5H2T9,0.3021551687730062
3CVBMEMMXBG2UHIGC26BGFT7OR7H7T,0.29213706341230805
3ZLW647WALVGE8EBR50EGUBPU7W23M,0.371553603289952
3EN4YVUOUCSS02JXIFDUMRMA3DJJXQ,0.35500542531253027
3J06WJ78HNK9N8EWZPQV1U0JIOPVVP,0.33141842262735777
3H4IKZHALBIJ7YWEV7IDHWCTAG6NN0,0.33850673417455324
3ZQX1VYFTD5GMC9MQKT7EOM3BYK8OQ,0.3400381173021687
3FJ2RVH25Z62TA3R8E1O77EBUYE299,0.3536144003420898
32TZXEA1OLKU7JFJ8F5JLGTQG0M14V,0.3130332683305735
31HLTCK4BLVQ5BO1AUR91TX9VAUGVG,0.3769870248023109
3TUOHPJXYHXE6MJWPEW9BHGI58UXWZ,0.3371003786509839
3R15W654VDTEMV6LZMUF8Y39AY3LQX,0.32878375084701283
3JU8CV4BRLC1S483C1VI0AHT078POD,0.35950901988203043
34O39PNDK682LNZ9LOULZLH9UQWRBM,0.3223846122393659
3M47JKRKCX1QX63IQO7DXO0CQXX684,0.32115835594554865
33KMQD9OFJE51SC4ZTKZP24DAOC77I,0.35122856899922206
3T8DUCXY0N6WD9X4RTLK8UN1UB7T98,0.31678986369212836
3JUDR1D0D6R8L9KDPGCAT2404YC2QP,0.2893220600894008
3CESM1J3EI31N7Z0ORNJB43Y840W69,0.3124921380455621
366FYU4PTGPE5MYY5VNEZH1G2VAEKB,0.3190925090617909
38XPGNCKHT0ATVVHFTP8S40654T4VN,0.3011085751795468
3ZLW647WALVGE8EBR50EGUBPU6Y23M,0.3006926320613956
3M4KL7H8KVN8M6JXR3YYIED4CRR61K,0.34580075536824106
3EN4YVUOUCSS02JXIFDUMRMA3C1JX6,0.35699769881597565
3GVPRXWRPHU2QCT0IKOWGRUMO4N7ID,0.36357798018740367
3LN3BXKGC0V3K0O604W5NVGN2I3GWV,0.3113480694970079
3T6SSHJUZFAZFWAW1BST7GKV2K9IIU,0.30587155755699
3PMR2DOWOO1TV1G2927VO667SGR45G,0.32163778767641205
3WRAAIUSBJZHZ9GTO90HTSJRDPRAX1,0.31046265464730693
36818Z1KV3D5JB9F4KTTMCUN6UR3AV,0.3581598376452586
3XABXM4AJ15J7OM25XLB3TH3QY48QY,0.3175870258263809
3L1EFR8WWT5MU4F3W9GVRQ8032D9FU,0.3033637710650519
3VJ4PFXFJ37PI5MYJ4PU9LKNJ88UAT,0.3270928010003547
32204AGAABCLNATH55A5MS60NSUHGW,0.313588034821794
3QGTX7BCHP29YY4RUVXLI2JGTBTZ5M,0.29624234490899737
31KSVEGZ34SU9QXKGFQHMZUU4REWR7,0.2991911857456046
3E9VAUV7BWE6ZE63T5MJC6Q0FVLYAV,0.3166539147803212
3OID399FXG7YXUSK8PLXDMRQUN9FDY,0.4076755001157148
3MGHRFQY2LPAY18L13PQN0EN69F0YC,0.3303513886186876
3E24UO25QZQTIYQYX5W9UAQC54EO66,0.3287439336273281
37VHPF5VYC3FDNCJ0FKGJOSMMJ3C8X,0.3182726829254964
3MG8450X2OAW59S08N7RZG9IITFPU9,0.360790326856982
3AQN9REUTFG4XL9FDFDL27Y60ZJYD0,0.3314337782507356
3E22YV8GG16JAJ8RBMV5LLHOAYIPNF,0.3358063418100743
3QI9WAYOGQB8GQIR4MDIEF0D2P46S0,0.3131706601336324
322ZSN9Z5GKVG3RSAYPTRMCL8JCT4V,0.35332197184035125
36D1BWBEHN1H0UMLXN5TCTKVUXL2M8,0.3052998876176239
38B7Q9C28G5QBBMSVGDRXKVNA4869O,0.3058104812769408
34OWYT6U3WH64VHTXHMGUNLSJUB9IR,0.3071773630253359
3KWGG5KP6J2UYCENUGUZO6TH6OSCML,0.3207565848200798
3D7VY91L65XBO7MHGGY4DMNZO5CMBC,0.40278062207266785
30Y6N4AHYPWV0KXTZKLRUB59X97RDO,0.3051216522796103
31SIZS5W59FPPT1Y46RBUAC8GQRRQS,0.3091499874724587
30F94FBDNRKF12C1PDZGZ0IRIBOTBW,0.32360857257182196
3D0LPO3EABZV1I043OR1D1A54ATOYK,0.30850629081876596
3OB6JN3A9QPY4E36CDKUD1S36P0MR6,0.32466912454856955
3AJA9FLWSCYF558603M84J73MS5FIO,0.34127740304454446
39KV3A5D187RKQWWNWIAKT09X41S76,0.3229394765344555
329E6HTMSW2BVOI1GB6IGQXJB4TK3V,0.3405378461992228
33QQ60S6ASITHSOGR2S1KF8AALZ0U9,0.3140537503334191
3Q7TKIAPOTAKXM2GU0OV8ZWARJEDLK,0.33579667906025423
3MDWE879UH2WHN3NR7UZ80HFO4QB9J,0.30360427916839344
3TZ0XG8CBUKDFP5GOVAPHYREGY698J,0.3362831573762187
3G3AJKPCXLSRXPQMK4CSZ340NLUY4P,0.35853831508930634
3WPCIUYH1A88GZAL39QMUQ6RLX2DTR,0.39939860305846153
3D5G8J4N5A4UAGA7UUQG0CCYL1DTV7,0.3170018325052267
3BC9H1KCYUC36R96UAIBUVNR7ENWY3,0.32515578040387516
35F6NGNVM8JSZQ9BCWN0UYWVZL37TU,0.3300003408337103
32ZCLEW0BZKNRTH6WO3DSE071DCPJ8,0.3187832340789709
3SV8KD29L4SCGHPU1I1RKR2YQ2GZK1,0.32230568388352093
3YO4AH2FPDK1PZHZAT8WAEBL70SQ0T,0.3041653628634422
3IHWR4LC7DD6QQYJSPG2URQHZQ58IH,0.33894575541553496
3LCXHSGDLT6CT5B6A4WGQ3SQJNDSES,0.3542298536606633
3CKVGCS3PG5D2FWC2XX15EQMPOIS0P,0.315865247152137
32TMVRKDGNYCIJZ470EY0QGYU6M84G,0.3916896512673613
388FBO7JZRTDJX0S29ROYCA0E26NYQ,0.34909349903064785
3HRWUH63QU2FH9Q8R7MRNFC7JYDN5N,0.33386180768865137
3XWUWJ18TLQ9XE0WP96L9MWHQA2UU5,0.3307657839089251
3K8CQCU3KE19US5SN890DFPK3UPWNJ,0.3563066017898915
3R16PJFTS3RWDK15GPB1QVPPP4WK4N,0.3588603027851125
3S829FDFT21FXGJ58JRJJTRXYU6DXS,0.36113643309914045
3FCO4VKOZ4DQA7REM1Y5VCWUWBR7EF,0.3424043311581949
3LAZVA75NIR50X7XA3K64X90PXU2OH,0.3304445038945161
3OCZWXS7ZO7PT9NNFU6CAN8IE2G5L4,0.31868757767257977
36U4VBVNQODHHM8FLFBG4B9XJB3RU3,0.31351324035251105
37J05LC5AXJE2WEGRFCISKJINV7DJI,0.3375722019962505
3QMELQS6Y5BWFBIEPXDDO5VHGPLR61,0.3374136399141526
3ROUCZ907FUJ74W2X1I3BAC3Q4AOOX,0.34989980893677275
31HLTCK4BLVQ5BO1AUR91TX9V9CGVW,0.37909590678799265
3RBI0I35XE36FT7IKQ79PYCU9LT3Y4,0.35655668591546424
3V7ICJJAZAGVKHXBACY8RS6Z2D9B4M,0.3378317436132737
3QI9WAYOGQB8GQIR4MDIEF0D2RFS61,0.34609226818763555
3H5TOKO3D9JPE5GGELH0GCK7OBW46Q,0.3444980412660079
3BA7SXOG1JQJJP12ICAB8JR8MKB8R4,0.31101043260164163
3UOMW19E6D6WQ5TH2HDD74IVKRJ5C1,0.31413186950254
3L1EFR8WWT5MU4F3W9GVRQ8032JF96,0.35890389387876614
3KTCJ4SCVG1AB94PEJ5F7AAQ2R11MK,0.31083726367609127
3W0KKJIARR9XWLO7SS1E775URT9K8H,0.33077996227775863
33J5JKFMK6YX6RGWTGQFCC9SACHQ3T,0.3203590565678476
3SBNLSTU6U542BJK91F4GE786SRZDU,0.34527544357775986
37OPIVELUU3KDJGEJ5IVQ6VXPZ8HAF,0.3497013800674555
3YLTXLH3DF6R0NMG8O0SG1KSOLPHPC,0.33290566394201726
3IHWR4LC7DD6QQYJSPG2URQHZQ5I8R,0.3477176960654874
3HFWPF5AK9J9J7V9LKFK7COTS1Z3SU,0.36993449608617546
32FESTC2NHQDBKJW3ILLFGABJCFUCJ,0.34967912037360016
3N5YJ55YXG3CNF2PM3D8VQSTBCFANH,0.3202821976121996
3LG268AV3860SQBTVFWB0TNUXN4ER4,0.3185864095286262
388CL5C1RJN1927IGW7LZKB8JB7LH1,0.35059310610712036
33Q5P9PUSPMUXJD695KTW8PQLSRCZJ,0.33429725144705297
337F8MIIMZDU0UU1CW1J7BAGB8G04R,0.34787451977983286
3ZZAYRN1I6RZKW1ATI425KIQPA7TO0,0.31935788903100426
3EAWOID6MTXTU7DGWS26G1ATOSD0V3,0.40745568043307695
3YZ7A3YHR5TCXMIDZ33DM9MD6UF5S5,0.32149532801945147
3ZURAPD288N45ZC8SW12CKQH5QV1FJ,0.35912467223479205
3HY86PZXPYICZLCCXLHWU25HTPA1EV,0.3599125496072564
3D06DR5225J65XHPA2Y8IB3T6LOAMY,0.345645978784006
3OLZC0DJ8JF412UW0IRCM5APAMTVIS,0.35674561906216135
33NKDW9FFXI5SODR8NW8ZN9FDSHXCV,0.3435050853423893
3NI0WFPPI9G8FHYFVKUY49UU7ZM06C,0.3545787971504812
33W1NHWFYHLBJ0FHVRFJLIPU9EFZTD,0.3244145808471571
3WJGKMRWVI9RUI8AHNVW5G6NXA6CD9,0.32866544320797986
3ICOHX7ENCBCSWRU12DWGXM7OY2E05,0.3288199147926071
30F94FBDNRKF12C1PDZGZ0IRI9XTB1,0.294179268026206
374UMBUHN5PYB7473DVBAKO90WTTC8,0.3017694237559827
3QTFNPMJC6IDONAXYVT7CJJ2KWTNZ0,0.3348964799872728
3CO05SML7V5110WZN8XWF4LQ3NS0R4,0.33697180395519016
31YWE12TE0CZG7IVH6OXJ1H1CFPX7X,0.31488138352218564
3XBYQ44Z6P47P5ACK4VCMEVCSCBWTK,0.32775429563306807
3WJGKMRWVI9RUI8AHNVW5G6NXA0DC4,0.4114207671064255
3DFYDSXB2W00JYP2DA272KN69UQUJV,0.32858881644464205
3AC6MFV69KILEROMVXYU7ZM6YKVZHE,0.3209179040169067
38RHULDV9YFHGRU1QSW887T3HVVIWP,0.3024296806592578
3OJX0UFJ0Z7BDMCTRYBUDQ93DPRU9D,0.33801126831164874
30Z7M1Q8UYKRK8FLG1OPDT2YMGZA8A,0.3347689211114248
3UOMW19E6D6WQ5TH2HDD74IVKT25CO,0.3261030244020848
30QQTY5GMKK7Z3O0C1DAZUIXI02U72,0.3111156826089488
35XW21VSVGEQZBLYRQJK3YIASMALS8,0.34559351395718596
3WKGUBL7SZM7XQJN1PN25V24E6R4L4,0.3292942405190563
3PMR2DOWOO1TV1G2927VO667SGL54B,0.3477993017239629
3RBI0I35XE36FT7IKQ79PYCU9LYY34,0.3319576254865517
3BJKPTD2QCC2H9TQLAL6ZFNV0X7RTN,0.32477942070689825
3IKDQS3DQE082TOW91W7WDM0PG6ICB,0.3797091033630075
3087LXLJ6MG4YARQWDX2YF770ZH0F9,0.3598401671242753
3H5TOKO3D9JPE5GGELH0GCK7OBD649,0.3644652204486884
33KGGVH24UHL5L3TSQ7OIRQO9VL1X4,0.3218555438302231
3K1H3NEY7LZ4BUOFJ9RFV7R2V2XGDM,0.3050531809170344
38EHZ67RIMS7FOUSW2QIEXEW4GPGM4,0.3092738354052094
3BC9H1KCYUC36R96UAIBUVNR7E4YWM,0.3236242377899896
3INZSNUD80QPWK1753L53Q5FRQV9DJ,0.35241312434789074
39N6W9XWRDN795J6F5ET8S13DQ3GYU,0.3368108553925148
3B9XR6P1WEVLNZGWDJLCXUVIK92JBM,0.33090787147388323
30EMX9PEVKJFF53G6Q7JOY5V3MJKSI,0.3051351584114379
3T2HW4QDUV7FRSVT57QUJKNX6PRC9S,0.3510022812320201
3PMR2DOWOO1TV1G2927VO667SGR54H,0.3156374224608125
379OL9DBSSESUVWY1Z8JGBFG9B89YS,0.3100367575324444
3421H3BM9AH2Z61ZFZ7G6O0SW9U9JX,0.33098991044971776
32K26U12DNONTREA84Q1V8UCIIEDV3,0.3267072520341169
3PA41K45VN4U7YG4VFEGPOVYAGGP71,0.30751287082852347
3CIS7GGG65JS8I3AZ9RG54AE4MUUEA,0.3590579084627922
3CESM1J3EI31N7Z0ORNJB43Y84V6WE,0.3054389168905532
3R16PJFTS3RWDK15GPB1QVPPP6M4K1,0.322247302183964
379OL9DBSSESUVWY1Z8JGBFG9BTY92,0.334149828101406
335HHSX8CD5IBQJQ3F9XG733A33DHD,0.344646098888436
3X52SWXE0X5Q3O81YI0MX4V84QBWC1,0.2940612249535079
3ZFRE2BDQ9EI0HO101GGALA0MAYXZP,0.3034975972049902
3BJKPTD2QCC2H9TQLAL6ZFNV0Z9RTT,0.317348794294661
3ULIZ0H1VA5C32JJMKOTQ8Z4GYW51N,0.35737630602336573
3IKMEYR0LWVMA6MICBSDXGSR5U2K21,0.3657681093639761
3P888QFVX3UMSG9ICEA70F73549OQK,0.3468829382121645
37M4O367VJI9ZR58F67RA0N7E885MA,0.3381319932277145
3IWA71V4TIGGC74QYWJ5DNH5H72X61,0.3442684823235943
36JW4WBR06KF9AXMUL4N476OMH3FHC,0.3248799709950974
3XEIP58NL0NN0N7CMIDSZRFDF2PZL8,0.32562230505269635
3VJ4PFXFJ37PI5MYJ4PU9LKNJ8BUAW,0.34700091005337363
3GV1I4SEO9PLCDN1KDGH2TMIAZA6L8,0.31479872037536316
378G7J1SJLY50MSFU96HNSVBP44EWW,0.34883844436127576
3SZYX62S5G0QEOYLB052RIQHJKT57H,0.3323564041875385
36AZSFEYZ40UEUGQU8ZV0I6CFYNBVH,0.3547189895003306
3HXCEECSQMT70MEB5X2ITZH9OICZYL,0.34052146540288364
371DNNCG442WZ4EUM1F68YSQA7L8TY,0.34453262009165364
38XPGNCKHT0ATVVHFTP8S40655P4VL,0.30600243467554866
3XQ4XW3OD9CKYPZQHK1FO2J1MNZ2SI,0.36296942111339314
3X52SWXE0X5Q3O81YI0MX4V84R8CWG,0.3392033703787096
341H3G5YF0EA3RIQXPR917NPC4EZ0Z,0.34653134764710086
3FDWKV9VCN2QK6VNG7FZICFNDQGUMY,0.32401893559434214
3MD8CKRQZZN836XL9G72X90M2W1RJ5,0.3364643379182186
3VGZ74AYTGGU62I1JDW4B19KA4YGC3,0.339566690586014
3N7PQ0KLI5P89OQRKPVFIVKERAQE34,0.3230403552404846
3ZUE82NE0A1MGZWTRHAHRUDPJXWF8E,0.3395050924485028
34F34TZU7WZRZMG0UQS1W1SEQ52J21,0.35040512708813065
3XEDXEGFX3OFEWJ4XOOZESZC8WIK0H,0.31949687502093627
3INZSNUD80QPWK1753L53Q5FRRFD99,0.3553117517787475
3GMLHYZ0LEXQENK1ZA3AC72UMZEUY6,0.3445548143966649
3MNJFORX8B43THDRTJ3EFA3YH8CF5V,0.37392002324225626
3U74KRR67MLH2B1YS34PQVILZ14NTJ,0.3103060146465618
3ZVPAMTJWN3YC47K1AMZ0W86A4LGRR,0.3135938911023047
3VGET1QSZ0ZKR7D571SBHI3U3HZW7R,0.3331247489913069
3SX4X51T809U5021NIDLAFSY1N4AOI,0.32491513303044733
3OQQD2WO8I6KPTSDG8L63AI6J4GI32,0.30210894401432553
3NOEP8XAU42OMDMVDSIEJN8MCD9PXI,0.348980194201045
3UAU495MIISEK9GZTNUCAG4S8PFOUP,0.37274650991776503
3IVKZBIBJ09ODF28054MB6P3B7XHSX,0.3349085170797451
38EHZ67RIMS7FOUSW2QIEXEW4HMGM3,0.30447078121512516
3DA79LNS59VAY78OAKKAHHKFUKD3TJ,0.3469741676251123
38LRF35D5LWPYKNDAPAKMD6HD1M3UI,0.3259502150303104
3WGZLY9VCHMPIFIX0BFR3UA47KHD82,0.33835334201092365
382GHPVPHSRQHMTYVJJ2998NEMD437,0.3844353858243813
3909MD9T2ZH3P06K4KWHJ49BU1BEFV,0.35654751845769816
3FVBZG9CLJEOC6IWR3L210JKGEY0HB,0.3110609073122348
3KWGG5KP6J2UYCENUGUZO6TH6QDCMA,0.3449177166922739
32L724R85LKRWIX0E6IDGDL7O07PIK,0.34648206624436023
3LOJFQ4BOXF9DGKY90CUTZJV2LRKDA,0.3641134896619474
3VDVA3ILIDFAJZ833G7KU5QT6781GZ,0.3295752376723831
3XABXM4AJ15J7OM25XLB3TH3QZ68Q2,0.31512661663989594
3MZ3TAMYTLNC8VDFRYM2L8LMPHCRIT,0.326546424860081
311HQEI8RSGOL2IAIOCIGMXCKJ1Z7I,0.34318111949584174
3W31J70BASWZ8OEK94HJ9T1DHLFKCA,0.31081046175018356
3UOMW19E6D6WQ5TH2HDD74IVKVLC5I,0.31635590931269075
3OKP4QVBP2X6DNL3ZZ0D56JWA1DAGV,0.34781734205432674
3UOMW19E6D6WQ5TH2HDD74IVKVNC5K,0.3467392199685807
3HXCEECSQMT70MEB5X2ITZH9OHTYZZ,0.32331362557804394
30EV7DWJTVV5CCU03S57W1OEJEE6Y0,0.34709388596554763
3MIVREZQVHY32PO3EMIETYQUL0GKQF,0.3598374505687515
3NZ1E5QA6Z1DG01BOHHIWKCD2AKB59,0.3443608282905743
3HXK2V1N4KFH8KQZMK7YZO0YYC5G2C,0.31003980500528583
3QE4DGPGBRBRBY5MQYQMS3XWIRHG4Q,0.3336074353672411
3CZH926SICETRK9VK30YS0CK5AME4P,0.30552696250719324
33EEIIWHK77HI0IFDQWLV71B1YNVQC,0.3228871523075635
3SNR5F7R92TNZR8A5S22M1M3ASMEI3,0.3193749808564988
337F8MIIMZDU0UU1CW1J7BAGB9C04P,0.30499924616854657
3THR0FZ95PTB1JT5K92BJT89VX7LOB,0.33991091343506
3G5RUKN2EC3YIWSKUXZ8ZVH95RG9NE,0.31605761274601213
3P0I4CQYVY7RCD54ON9DS4PPT2YWOY,0.3569157213215721
3THR0FZ95PTB1JT5K92BJT89VX2LO6,0.3347689211114248
3VADEH0UHCXGQW0WJICRKFRUXWBPSA,0.33655209000190756
3SZYX62S5G0QEOYLB052RIQHJIS57C,0.3279886775356883
3R16PJFTS3RWDK15GPB1QVPPP6X4KC,0.3347689211114248
3RSBJ6YZECQP1RJ9YYZDOG3PYZ8OFS,0.33402603571118766
3EAWOID6MTXTU7DGWS26G1ATOSNV08,0.30742548699813926
386659BNTLHD8VXIPEIH9D3DZOH01P,0.335368034280918
3SMIWMMK615MPIP1K9LMRAHEBOMWUB,0.3207922509055965
3SD15I2WD2U4W9XCE7CH67S1AB5369,0.3468834498834086
3BJKPTD2QCC2H9TQLAL6ZFNV0XDTRV,0.37651639405963017
3OCZWXS7ZO7PT9NNFU6CAN8IE2X5LL,0.32190164309838604
31YWE12TE0CZG7IVH6OXJ1H1CF1X79,0.3108416005653407
3TL87MO8CMPHV6GCL6JLWZZV3WBFLE,0.3711358292648328
3NKW03WTLM7UXPIK301HH9KP85NQWB,0.3280178714405759
32CAVSKPCEPTOH9YNLW1YKRKFDQU1R,0.35154863164766276
3J5XXLQDHMBPBZCDFFKPIZ80R2HV39,0.3168819040858758
3GS542CVJVNUS7MEQX3M5EHNE6G59K,0.3440333219341771
3ULIZ0H1VA5C32JJMKOTQ8Z4GUS51B,0.30078740846136953
3R868ACW4SC7EVTBBRGCMZA5JKOGZ2,0.3125296071128093
3VGET1QSZ0ZKR7D571SBHI3U3FW7WV,0.3155053430389963
3QXFBUZ4ZKGQSWZ154H457VQH23UGL,0.30336499281452445
34D9ZRXCYRU93SUUUZUUUK2ZYABSAX,0.3264056602794818
3P888QFVX3UMSG9ICEA70F7353UOQ3,0.3088183865864811
3LOJFQ4BOXF9DGKY90CUTZJV2JQDKY,0.310858321373058
3ABAOCJ4R84YSDO6ZYVU8BIYA39MQG,0.3008434622698475
3S8A4GJRD33O8IZVYHINP2KK1TA6VH,0.32507455682263103
30Y6N4AHYPWV0KXTZKLRUB59XBPRDA,0.3321505964655252
3RIHDBQ1NEYLFKP3G880ZXQXJGEHMG,0.32034264439744664
32XN26MTXZJQY21MIO00TSCRXUM0LV,0.30771539679418447
368IUKXGA58B3Y2ZC59OJAV2F7EP6O,0.3238708898217665
3IKMEYR0LWVMA6MICBSDXGSR5Q0K2R,0.308326755493311
32K26U12DNONTREA84Q1V8UCIHXDVK,0.338321443002715
3M93N4X8HKNK4LXYO577NJ5IOV9SJD,0.31998418592367434
3GMLHYZ0LEXQENK1ZA3AC72UMWMYUC,0.29721509265790574
3FBEFUUYRK54GUWXNMRRTF67GL96AK,0.3254610565183281
3MG8450X2OAW59S08N7RZG9IITWPUQ,0.30904964095221915
3YLTXLH3DF6R0NMG8O0SG1KSOLUPHP,0.33293235651430636
302OLP89DZ7TWB5YXD4UFFYHC7KCAI,0.2930077171885046
36JW4WBR06KF9AXMUL4N476OMF2FH7,0.34994084848504736
3LN50BUKPVBTMJ56Z9FQ8TDZ523LPS,0.30858483692404276
3FCO4VKOZ4DQA7REM1Y5VCWUWBWE7R,0.2989387599798206
3DTJ4WT8BDF9UHXK5WQOMWPT62RZEI,0.309004007400592
33N1S8XHHMLAAG38T8V9FC6ZHV61ZO,0.37110471445724386
3OB6JN3A9QPY4E36CDKUD1S36PBRMM,0.2928075510592204
37S0QRNUFBGD1KM6J34BH2W3WSZ884,0.3020057492214259
3CZH926SICETRK9VK30YS0CK57P4EC,0.33076174049346263
3HJ1EVZS2OJXISVW6VFFH2JX6YE3R2,0.3198445432627715
3UUIU9GZC55DCMVSO383WEIZ8HK5TT,0.34484127858833935
3D4BBDG7ZHWTCQ6DOYPKS7KB6ZWC3U,0.3915907620606676
3SU800BH86SH5LTF80MGZLZSNPWUQ0,0.32699613137934885
344M16OZKIFFDSJ128FUR9IKWSXNEB,0.3669789738100776
36JW4WBR06KF9AXMUL4N476OMGMHFV,0.336275904216347
3DWGDA5POF4T1WYYSB66U6T3TLC1V2,0.3170209322153038
3SA4EMRVJV2GPNGKAGT7A9LB257P04,0.3840535796678772
3QX22DUVOOHQXLKNLXP4EYH6RZBVME,0.3028470213143295
3D06DR5225J65XHPA2Y8IB3T6LCAMM,0.32069221833060335
34KYK9TV2R8EM2ZM0DUQPVM5GUUSBU,0.3410378015247968
3SU800BH86SH5LTF80MGZLZSNQUQUW,0.3159059289980381
3XQ4XW3OD9CKYPZQHK1FO2J1MOHS2S,0.32913131163641174
3QD8LUVX4XYKT34CTD90LH35LCRX5L,0.30950868035923895
3O2Y2UIUCQU6B0YU067KHZMGEWPKFZ,0.3337579176881865
3SMIWMMK615MPIP1K9LMRAHEBREUW7,0.35859658565360464
38VTL6WC4AD9T8UMY9V24VAENJ25YI,0.34528958463054327
3K3G488TR280K6307ZE8R97CO91Q5E,0.31470383212624087
3DTJ4WT8BDF9UHXK5WQOMWPT668EZM,0.3379656070111086
3JYPJ2TAYI87MRVADYCSDG8F87TPF5,0.37518315365099986
3D5G8J4N5A4UAGA7UUQG0CCYL5MVTQ,0.3601368650789005
3CMV9YRYP31X08284WA6BXRNW5TLJS,0.3171891121249406
3XBXDSS888JYVS7XL0P726Z271VLXZ,0.31305087467138454
3UUSLRKAUL3LI1DEQ6NLPUE9W1RD7X,0.35418603414703576
3S8APUMBJXJ5IXU0UTURIW3QR4YBFS,0.3290470189284082
3J6BHNX0U9SIZSBBYUQXP4VPGOCNKC,0.34293568310667816
375VSR8FVW9Y3L2PR2AOL3OCLTIRZS,0.3194181653240953
3G5RUKN2EC3YIWSKUXZ8ZVH95VH9NN,0.3422262777096964
3087LXLJ6MG4YARQWDX2YF77001F0A,0.3276747465404695
3KLL7H3EGD1457JCU09RMT9AA9FHVM,0.3294131474508834
3ZRKL6Z1E83ADJ7XGZM4Q6D2W64GSF,0.31010715249175336
3MVY4USGB6NO9ADS6NM7BIQIBKCSI1,0.34609616250176845
3KVQ0UJWPXL543ZMJ8DEJYPYC9K5WX,0.3150448938129345
322ZSN9Z5GKVG3RSAYPTRMCL8LP4TN,0.3256084770530407
3LB1BGHFL2WBEA5CZ5D07BGS3MOTYX,0.323401816533919
3ULIZ0H1VA5C32JJMKOTQ8Z4GXD512,0.34163460139417406
3YKP7CX6G2FS34FUCAWFU4Q9TFZB76,0.3244639075880697
3D7VY91L65XBO7MHGGY4DMNZO4QBMD,0.31926109530525065
3MG8450X2OAW59S08N7RZG9IIUBPU7,0.3145757761047199
3KWGG5KP6J2UYCENUGUZO6TH6QCMCJ,0.3305196183270671
37OPIVELUU3KDJGEJ5IVQ6VXPZ8AH8,0.3096999116480758
3MDWE879UH2WHN3NR7UZ80HFO669B1,0.3196806019870458
3WKGUBL7SZM7XQJN1PN25V24E6L4LY,0.3124275997719394
34R0BODSP1ZBN3DVY8J8XSIY57XE5C,0.41680189691160296
32TZXEA1OLKU7JFJ8F5JLGTQG1F41T,0.31987809364168907
3KI0JD2ZU1IMXSYZGJF7JO4HFEO76H,0.4081164516186834
324N5FAHSXBV7XKK0LCOZLP22SVKV9,0.32358159241283396
38RHULDV9YFHGRU1QSW887T3HX8IW6,0.3087410758404169
3D1UCPY6GG9R0NG07M9FQLOSG6R38R,0.3479659262237442
3N5YJ55YXG3CNF2PM3D8VQSTBDZAN3,0.3252272283708763
37ZQELHEQ0YDPGBEJ63D4HNT5UONM0,0.34530571951583855
39HYCOOPKOL434K1UCPA8CBZRO4DMM,0.31935788903100426
3FULMHZ7OUXR381811OH58HTEDVM46,0.33482032259585826
3B9J25CZ25DXW7RSEDQL0FSNYFVCSM,0.3471172648087174
304QEQWKZPKY4N4JVGGSL9GLSZF0O0,0.3266391520366633
3FULMHZ7OUXR381811OH58HTEDT4MM,0.34442013083041645
3MD8CKRQZZN836XL9G72X90M2XKJRI,0.3547602118780713
386659BNTLHD8VXIPEIH9D3DZQJ10W,0.334262962592193
3DWNFENNE3V120VNY4BPPGPCAIIJ4F,0.35508006324527885
3E9VAUV7BWE6ZE63T5MJC6Q0FWJAY7,0.326639029755909
30IRMPJWDZJ3EQ33R17EYO0ZHL1KRX,0.348352666618682
3TUOHPJXYHXE6MJWPEW9BHGI59VXW2,0.38399739121883714
34XASH8KLQMDS1NRZLG586SO59PPMY,0.34659151867540305
3MDWE879UH2WHN3NR7UZ80HFO4L9BC,0.32336777493767166
3X2YVV51PU46GLY3ILB2G8CH0V01W0,0.3528223343892971
3IKDQS3DQE082TOW91W7WDM0PGAICF,0.3332514037281272
35A1YQPVFEGN38FHUR9ZI7GQXYMI53,0.3041653628634422
366FYU4PTGPE5MYY5VNEZH1G2VAKEH,0.3333358748721199
3X2LT8FDHWIORLIOH6KHVIZPE138WO,0.29276024243443655
3VMHWJRYHVGCV0X1ZPM97TUIA65XF4,0.3040326913772592
30UZJB2POHC8D5XY9O2CE1E1EGV53W,0.3558841628437027
3J94SKDEKIP6VXZV2D8ORA0D5VW5DA,0.3403064501800621
3J5XXLQDHMBPBZCDFFKPIZ80R8V3V7,0.363193564741367
3IWA71V4TIGGC74QYWJ5DNH5H676XD,0.3267920656703253
33CLA8O0MIBSY4BPQQGHIB8U9Q3RFN,0.3330672039282241
33NKDW9FFXI5SODR8NW8ZN9FDUUCXR,0.32760851591423173
3OJX0UFJ0Z7BDMCTRYBUDQ93DQTU9H,0.37254745560053093
35O6H0UNLSGJYJZNC9UZU8VQADBJ5G,0.32555654158802144
334ZEL5JX6FY5WOV4IZCVFM4NTBOSS,0.34359261892067583
3UY4PIS8QRLGTRPPQKKFKPZQ7JU1N7,0.31994217922718154
35U0MRQMUJ7EXO5ZYD4H626BMVSOVG,0.37475457999192885
3W0KKJIARR9XWLO7SS1E775URUU8KS,0.36564424422331454
385MDVINFCFDB2E78AH8K883UBGJW0,0.3409716300986054
3IHWR4LC7DD6QQYJSPG2URQHZPLI85,0.3239193148383479
3K2CEDRACB1BKTGYG2PPDGTLUCCMT2,0.34085799008073836
3ZVPAMTJWN3YC47K1AMZ0W86A51GR9,0.38972815159597174
31JUPBOORN48GR6PDSDFM7I9GSI8LA,0.358995696194687
3SA4EMRVJV2GPNGKAGT7A9LB26QP0P,0.31236958910435453
378G7J1SJLY50MSFU96HNSVBP3KWES,0.3223667799234724
3NBFJK3IOHIVFRF49I5V6131ZIHOG8,0.3390172210848913
382GHPVPHSRQHMTYVJJ2998NEK043Q,0.30810716818213224
3BCRDCM0ODUAS75JZD4GNT93LZ4K6I,0.34105420294019245
3VIVIU06FKCLBF0NMQQLZ9RCJVUIMF,0.3245907718420708
37AQKJ12TXOFXO6IPZQ1ZUODOK8TTA,0.33202132049175426
3RTFSSG7T86J6S27BVTL0NLVY14WL0,0.3394088198802184
3XAOZ9UYRZR1WO2H6CCWOJUVCTW1Q7,0.3295469290319015
30P8I9JKOILSPEZHTY8IXW6K522V51,0.36075489392709925
3M7OI89LVYOS99TV70NIZAWVGQW6CS,0.313733581848371
3T8DUCXY0N6WD9X4RTLK8UN1UCJ9T2,0.3493719439315881
3FO95NVK5C0129GBWAGGPAR9YGVSR5,0.3764943061743202
3D4BBDG7ZHWTCQ6DOYPKS7KB6ZT3CI,0.33497380060429716
3XBXDSS888JYVS7XL0P726Z272RXL9,0.326881848072905
32TMVRKDGNYCIJZ470EY0QGYU8548Z,0.3685847090707048
31D0ZWOD0AZ92JAILXBAKEWG3IC0A2,0.3219176540455908
367O8HRHKG8U13EDLYK3HHGZ61US43,0.3331306198010966
3NC6WP7WJHKZHME6F90N9Y2BW88WWT,0.37826649479966656
3V7ICJJAZAGVKHXBACY8RS6Z2EPB44,0.3138947968555803
32CAVSKPCEPTOH9YNLW1YKRKFE5U18,0.3365514178784679
31GN6YMHLPS6A5XXV4QMC9ZQQTSSWM,0.29651162045429685
3R868ACW4SC7EVTBBRGCMZA5JMMZGN,0.3387186946248789
3SNR5F7R92TNZR8A5S22M1M3ARQIE9,0.314391139606872
31S7M7DAGGQREBYDGQOAD3EWU7KLTX,0.3539862685026032
3SCKNODZ0XGU4D4RF01OLZQ3A3H7NT,0.3412422574311421
3P520RYKCH6SCZAHO8YD1A41RUAU5Q,0.40607424700478545
3ZG552ORAM40QHGUBF6KZP38LRSV2F,0.3238673943009033
3MIVREZQVHY32PO3EMIETYQULY3QK4,0.3147621673507845
33TGB4G0LPHME5F2U9RYOX9J1FDXTC,0.3298899481166987
30U1YOGZGAW71ZX6E9LWKLA5JF4DSK,0.3261103069807679
3SSN80MU8CONBMPF00D6N6MNI1LKXQ,0.33733147736105834
36KM3FWE3RCRJHCKEUZQANUQ2B170F,0.36131937042848983
3IWA71V4TIGGC74QYWJ5DNH5H8K6XU,0.34274649704494564
359AP8GAGGKBD970QASA5OWRBZXC7A,0.3651279396776144
3R0WOCG21M9NGCPA3EGWZMST4ATUDH,0.31886662542341904
3RQVKZ7ZRKJYFRFYTH34TBN5ZA572L,0.3088759644794291
3VGET1QSZ0ZKR7D571SBHI3U3GDW73,0.3170258728686479
3PUV2Q8SV448KDG43NZ1UW05FQ2DB1,0.3745775661779396
3XD2A6FGFNUVY9KP2TGUYPRFST8S9Z,0.34899743453017307
3PR3LXCWSFZ3UQ6OW3MHXX8779TX9X,0.3104846073811174
3W3RSPVVGSR6EOD2GVEKIZ0YDK7ULB,0.3274670325523408
3RSBJ6YZECQP1RJ9YYZDOG3PY21OFR,0.38101217453988134
32TMVRKDGNYCIJZ470EY0QGYU84842,0.3439133030168362
3J5XXLQDHMBPBZCDFFKPIZ80R4X3V1,0.33087160281068484
3YCT0L9OMM9GNBOJ33ZZGQMZXJ6NSC,0.38364013104206707
3RWSQDNYL9MVVE6GZVGN1MUB62QFFE,0.3113499483447832
3H5TOKO3D9JPE5GGELH0GCK7OBW64S,0.3147698655270057
3IVKZBIBJ09ODF28054MB6P3B7ZSHA,0.3458575670225018
3JUDR1D0D6R8L9KDPGCAT24040X2QE,0.32223941102146963
359AP8GAGGKBD970QASA5OWRB0ZC7E,0.34917369795164455
37NXA7GVST66R322LLOPEL2HRRJVL4,0.3300431802684996
3SBNLSTU6U542BJK91F4GE786SMDZ3,0.3202509784199322
39N6W9XWRDN795J6F5ET8S13DSIYGV,0.3113075254478642
3UOMW19E6D6WQ5TH2HDD74IVKVN5CD,0.36583169022800766
3A3KKYU7P3H3CAKSB7U0000KY5BWMH,0.3381099852220372
37VUR2VJ6APX2NSY1UB14E5E8D3C1J,0.3362773010201542
3VEI3XUCZRX4PH0J4TCMU5MYBWOPRM,0.33454440002823393
34R0BODSP1ZBN3DVY8J8XSIY56HE5U,0.3557508118531892
3MYASTQBG7BVOJITM5WRPLV41RJQD8,0.35908896967499615
3MXX6RQ9EV5XOBYLTHG9MCBOJGRP4M,0.30883497573222735
3XEDXEGFX3OFEWJ4XOOZESZC8WI0KX,0.3404200901979292
33EEIIWHK77HI0IFDQWLV71B108QVW,0.34350143303494435
3E22YV8GG16JAJ8RBMV5LLHOAXMPNH,0.3148438379438874
31KSVEGZ34SU9QXKGFQHMZUU4TRWRO,0.3330841031792975
3O4VWC1GEW6GK4CJYQ66FBX6WJ2J3C,0.3628759921462826
3OREP8RUT2BBWXQV5D090H32SHGGBA,0.32860549134366257
3LCXHSGDLT6CT5B6A4WGQ3SQJPNSE6,0.34489650947443223
3AXFSPQOYQYB0GSCIL78GKM3Z8RJF3,0.33340103099737173
3NKW03WTLM7UXPIK301HH9KP856WQ0,0.29873437329894853
3WJGKMRWVI9RUI8AHNVW5G6NXB2DC8,0.4044606160499585
3LN50BUKPVBTMJ56Z9FQ8TDZ54ZLPS,0.3291656090788821
3BAWBGQGYLZ7CID0HRNFVGKGW8VV7E,0.35757997578273626
3BDORL6HKKDLVSRFZOQGA5NRCCSRCR,0.34488972808136825
3CRWSLD91K4V71BQKL3QJ6NYV2GMOX,0.3337352114301857
3H4IKZHALBIJ7YWEV7IDHWCTAKYNN0,0.3873057674942476
3XD2A6FGFNUVY9KP2TGUYPRFSS7S9W,0.3085446076900249
3J9L0X0VDFMO5Q1YMYQVVEU0Y64W9I,0.3323437171424509
36KM3FWE3RCRJHCKEUZQANUQ2B2079,0.3407050795572085
35F6NGNVM8JSZQ9BCWN0UYWVZNFT7W,0.35087268777587777
3W1K7D6QSBHBNEL0V5OYLOJ838CBZY,0.33000133512746666
36GJS3V78VQHEGO7T5DQY5MF0MUJG3,0.3237319146050056
3HKIF5DF6YXS84BY7TMD9B8C4IFG94,0.3517602433351464
3K8CQCU3KE19US5SN890DFPK3W4WN2,0.34277232736613084
371DNNCG442WZ4EUM1F68YSQA53T8X,0.3446870876356377
33P2GD6NRNSQPWP0VWVKKKYTUDKKHJ,0.31470191800681735
3VW0145YLYCH6QKT48BLBA6CWALJMU,0.3517872260725442
3K1H3NEY7LZ4BUOFJ9RFV7R2V2SGDH,0.3052606817160758
3VMV5CHJZ8FBSJKC5ZRU0B9OYPHTGG,0.3434817820335009
31ANT7FQN82N7D4XO9REIVFBXNS5HM,0.3735154751237889
3NRZ1LDP7W6DR8MAEA6ZG8OXKCMZP2,0.34213731107628953
3BDORL6HKKDLVSRFZOQGA5NRCCTCRD,0.3323896011063532
3BA7SXOG1JQJJP12ICAB8JR8ML7R8L,0.33906868681246105
39WICJI5ATS6KJHNGC9S35LWFF33Z1,0.3383833421679642
3UZUVSO3P7V9VAY1Q70UEUTKR05MEO,0.32288081957904374
3W3RSPVVGSR6EOD2GVEKIZ0YDKBLU6,0.3100588029877013
38F60IALAGHEHF9RRX2RFJM8R8ST0D,0.3132464934223673
3KWGG5KP6J2UYCENUGUZO6TH6OXMC0,0.32755705035524674
3EFNPKWBMSO9IYBXCIW0X6IAX9C303,0.3314511199489947
32L724R85LKRWIX0E6IDGDL7OYSIPU,0.3632280953288516
3KLL7H3EGD1457JCU09RMT9AA99HVG,0.32506246006185646
37YYO3NWHDQHPQ2WHR0LLAO5CC7CCQ,0.3601368650789005
3TLFH2L6Y9OLDPC56K65Y7FNO69T2U,0.3510964500019879
307L9TDWJYSC3U34DOYY8IEN52NN3Y,0.30447143387172576
3P888QFVX3UMSG9ICEA70F73538QOJ,0.329874432125452
3QXFBUZ4ZKGQSWZ154H457VQH29UGR,0.34427416469283034
33BFF6QPI1B2QOCI5PPL41REYDT3W5,0.32686198693761614
3NKW03WTLM7UXPIK301HH9KP87PWQN,0.30471690276411845
3NSCTNUR2ZN8XQWJI3HM19S7KOMA5S,0.3189210769202326
3OJX0UFJ0Z7BDMCTRYBUDQ93DQQU9E,0.3650648102974309
3WGCNLZJKF877FYC1Q6COKNWTFRD10,0.3222113669896319
31HLTCK4BLVQ5BO1AUR91TX9V9WVGV,0.3335424493034833
3DA79LNS59VAY78OAKKAHHKFUNF3TR,0.33187710034114903
33N1S8XHHMLAAG38T8V9FC6ZHTT1Z7,0.3806635339446003
3HYV4299H0WUALWXW6QB9CSP7VX8E3,0.30789504940441204
37VUR2VJ6APX2NSY1UB14E5E8DXC1D,0.31855047786803736
3FULMHZ7OUXR381811OH58HTEDW4MP,0.34246362705081623
3Z56AA6EK405IV5MKPHW2617A2XM6J,0.314184226814838
3UEBBGULPFOKEW36UKBMNMVEGOLFUR,0.33235160927981655
3TKXBROM5TAVA7U2JTDTJHZVF11JIE,0.3601302578205201
3UYRNV2KITZY4R9AP5TUZZMYLLXN82,0.4076755001157148
3RDTX9JRTY19FB0XEQIJ3YVJ5FW97U,0.3376307281710844
3G3AJKPCXLSRXPQMK4CSZ340NJFY46,0.3115323153866835
36KM3FWE3RCRJHCKEUZQANUQ2A070C,0.3229503458998715
388FBO7JZRTDJX0S29ROYCA0E42NYQ,0.3040422075560542
38F60IALAGHEHF9RRX2RFJM8R7X0TN,0.33957474972280155
3UUSLRKAUL3LI1DEQ6NLPUE9W0BD7F,0.3513747288228306
3P4C70TRMRHN96C7WQP3EKZ74BGGLJ,0.3806635339446003
3W0KKJIARR9XWLO7SS1E775URSCK8I,0.3273246561706168
3LN50BUKPVBTMJ56Z9FQ8TDZ56KLPH,0.30552696250719324
3RQVKZ7ZRKJYFRFYTH34TBN5Z61274,0.3083079254420624
3SSN80MU8CONBMPF00D6N6MNI33KXC,0.31901214911181575
366FYU4PTGPE5MYY5VNEZH1G2VWKE3,0.3040989616986951
3ZURAPD288N45ZC8SW12CKQH5QPF1R,0.3475051085971855
3F6045TU7DODTUOQTNG3HUMP04O998,0.36342003933297184
3ABAOCJ4R84YSDO6ZYVU8BIYA3FMQM,0.33431844771121066
3AC6MFV69KILEROMVXYU7ZM6YKKZH3,0.32079274597467866
37OPIVELUU3KDJGEJ5IVQ6VXP09HAI,0.3315989663406732
34YWR3PJ28ALYWIBW73O4M7E44H0X4,0.40017126308615386
3K8CQCU3KE19US5SN890DFPK3U6WN0,0.32270741616982235
3X0EMNLXEPPWIOH0DDHWV2B1W0OVP4,0.329484759336985
3OREP8RUT2BBWXQV5D090H32SIIGBE,0.32760163690949856
3SA4EMRVJV2GPNGKAGT7A9LB24N0PT,0.3568567879417096
3YZ7A3YHR5TCXMIDZ33DM9MD6WTS5A,0.32976852300933235
3CVBMEMMXBG2UHIGC26BGFT7OS3H7R,0.3165636058151378
3CVBMEMMXBG2UHIGC26BGFT7ORJ7HV,0.34672642633069484
30F94FBDNRKF12C1PDZGZ0IRID7BT1,0.3194619730998837
3R868ACW4SC7EVTBBRGCMZA5JLZZGY,0.31872107475438566
3RWB1RTQDJNY7CLN5K6M3ORTL2YP84,0.30508566950687055
3YCT0L9OMM9GNBOJ33ZZGQMZXIMNSQ,0.3191020177687136
3OWZNK3RYLP0D2RU6PWF331P7L0U28,0.33301744565858515
32CAVSKPCEPTOH9YNLW1YKRKFDA1UI,0.32205763730612325
3ZRKL6Z1E83ADJ7XGZM4Q6D2W63SGQ,0.3540367456348036
371Q3BEXDH9A40226RATBDT87VCZSZ,0.31929218758330663
3R6RZGK0XFCQR29140DF8T4D03VYV1,0.319733231807967
37Y5RYYI0P5LZ52N59M8ESDXZVYXSK,0.3229730521578723
38VTL6WC4AD9T8UMY9V24VAENILY5S,0.34967128356132793
37J05LC5AXJE2WEGRFCISKJINU9DJI,0.3150322058881599
363A7XIFV4MPVKBYOUZZ57M6XFLAV2,0.32389403072349837
3MJ9GGZYO36GYTDW0KFO32PV0EV2AJ,0.34275182163221646
36QZ6V1589DTI18S04BLULET5EEUSO,0.3238177917191636
39AYGO6AFFKB0DQMWQWWFLQ7FTSN67,0.34846276482605393
3IH9TRB0FBZOFQEYT47NFH39LIY1IL,0.3162264314287359
3538U0YQ1FU0F2QNF0FL0D5E3A3F3J,0.33655495086670534
30EMX9PEVKJFF53G6Q7JOY5V3O1KS4,0.3073511726614756
3AA88CN98P3CBRFP5WZ86KTWK7VYKQ,0.32919770453288427
307FVKVSYRF8I5ULXVMSMQK3JMG74S,0.3412230191657488
3TRB893CSJAOULN5SWOTVFH69PU7GG,0.3531537588016115
37G6BXQPLQL0GPWTI07BV3DP112QEF,0.3152591444404225
3R5LWXWHR08I90TWA9SRPEUUBL6GXN,0.3661162159214455
3P458N04Q1HSU6LPBU72NA0T11LX23,0.3155940887914767
3XEIP58NL0NN0N7CMIDSZRFDF1TZLA,0.33748245936198384
306996CF6WKESI0SNUF6TUZWQUFB1R,0.3506513971210751
3HXCEECSQMT70MEB5X2ITZH9OEWYZW,0.32827418942329034
3PIOQ99R7YMW2OGNS8UZVR4NIFBNUA,0.3574540221066308
3Y3CZJSZ9KT0W7I0KE38WZHHKURR52,0.31603333553551916
3E9ZFLPWOYSW5RZR0XSUAQ7AQXWIXD,0.34900912947031404
3NZ1E5QA6Z1DG01BOHHIWKCD2945BL,0.3494719617563554
38G0E1M85M59ATPWUZGQ58Y04HGUVZ,0.34333284965814703
3MXX6RQ9EV5XOBYLTHG9MCBOJHNP4K,0.30705861596761674
3OKP4QVBP2X6DNL3ZZ0D56JWAZCAGQ,0.2962372489254794
3TLFH2L6Y9OLDPC56K65Y7FNO7W2TS,0.36539927695669244
39TX062QX1OHFOH8FUL76K5L7GWX3R,0.31765898370023493
3GS542CVJVNUS7MEQX3M5EHNE9159B,0.32498675906172514
3NOEP8XAU42OMDMVDSIEJN8MCBRPXW,0.3501808306061631
3R868ACW4SC7EVTBBRGCMZA5JI6ZGZ,0.35154863164766276
3HJ1EVZS2OJXISVW6VFFH2JX6YK3R8,0.3104964566568398
3P4ZBJFX2V3X60SBPKQN5AGB13KWFT,0.34707238174738275
36JW4WBR06KF9AXMUL4N476OMH3HFE,0.3840535796678772
3FO95NVK5C0129GBWAGGPAR9YCHRSI,0.29237075418669733
329E6HTMSW2BVOI1GB6IGQXJB7I3K9,0.304430445124524
3EN4YVUOUCSS02JXIFDUMRMA3DMXJ7,0.35899029815443423
3MQKOF1EE2O08GEFYEVXHADQPS2WDK,0.325178955082947
378G7J1SJLY50MSFU96HNSVBP25WEB,0.3693605196458616
3VAOOVPI3ZS3VYQ87HMJRC4F0SLLLD,0.33636785681536385
3AJA9FLWSCYF558603M84J73MTYFIJ,0.31964356167836433
3EQPA8A374WH5XJCJX1FJC2LBC5JZ9,0.32621382457516335
3RKHNXPHGWWVUIVKVV2J3ZNJOK2KUY,0.3334999593728719
3HFWPF5AK9J9J7V9LKFK7COTS413S2,0.304882634469884
37MQ8Z1JQEWHUBBZGQT46O7235K2YF,0.3127594223506006
32LAQ1JNT9PUX1L7P4GB4QAF7XSUTD,0.3323647100330307
3MA5N0ATTCB8MMKPQVHKLN8G9ZVWKP,0.3186343104047147
3H5TOKO3D9JPE5GGELH0GCK7OCY46U,0.31421822442436875
3DWNFENNE3V120VNY4BPPGPCAHX4JD,0.35635403576896474
3XUSYT70IT170QDU572CAF4MOL90D4,0.3469146681797677
3G3AJKPCXLSRXPQMK4CSZ340NMQY4N,0.33725048990149686
3Y7LTZE0YTMQJDU6VW5TQEBWSQLUZU,0.3213091144505081
3K3G488TR280K6307ZE8R97CO955QX,0.33840008632464846
31N9JPQXIPIRX2A3S9N0CCFXO6OHNG,0.36401194691165073
3V0TR1NRVA2Q17SJ4YYCWHMTKVL4AH,0.34681126974393917
3VGZ74AYTGGU62I1JDW4B19KA41CG2,0.32306954928532394
3QHITW7OYO9XQCFH2V5PZKNYGMLQA1,0.31103894239958757
3NC6WP7WJHKZHME6F90N9Y2BW6TWWA,0.3044861345121621
3UEBBGULPFOKEW36UKBMNMVEGP7UFU,0.3332768591483951
3YOAVL4CA0HR2F0RGQEBDAD2TDA4ZU,0.33254058526192753
3B6F54KMR2CD94HUYG11JJ9WUGOS1S,0.3041653628634422
3P7RGTLO6EDBF9HMPQLS3YBPHESKAY,0.3002831771854772
3KG2UQJ0MJO4AV96BZAULQ7YFT8NQ6,0.31378174688973665
3126F2F5F83FGDVEINSMVYNFW70PEB,0.37146356832197686
3ZTE0JGGCESIYFZZ7W9CGAIM1OOCOH,0.3460102906932321
3A520CCNWN08T9PCT4AP53YKXLYEAI,0.32691214129826807
324N5FAHSXBV7XKK0LCOZLP22SVVKK,0.3419789879658489
3QO7EE372ON29MK9895LUV74Y2FQB1,0.2978962408489607
3XU9MCX6VOC8XAZD2V1AYSE50KE2RQ,0.3502074666922731
3R15W654VDTEMV6LZMUF8Y39AZ5LQ1,0.3006953378690984
3SU800BH86SH5LTF80MGZLZSNP1UQ5,0.33682535787604273
3ZLW647WALVGE8EBR50EGUBPU6F233,0.31347655556828047
3PKVGQTFIHKYYVSKVG857WFAFZ9RYW,0.34728388715271946
363A7XIFV4MPVKBYOUZZ57M6XFKVAM,0.3790780674954676
3TFJJUELSHP4R8AUKYBF9XFJ0JB2CK,0.30319313919574953
3B6F54KMR2CD94HUYG11JJ9WUHKS1Q,0.32739436148563017
30U1YOGZGAW71ZX6E9LWKLA5JBCSDZ,0.3199094289316805
3ATYLI1PRT256T55HOQY3EVHRA0JO9,0.3188644297030243
3K3G488TR280K6307ZE8R97COALQ50,0.38870699818123444
35O6H0UNLSGJYJZNC9UZU8VQAB25JP,0.305904024230723
3XUY87HIVPE77YQE75ODR2YT02WMMD,0.32948203739224347
3FDWKV9VCN2QK6VNG7FZICFNDP0UMG,0.3535927812011327
32TZXEA1OLKU7JFJ8F5JLGTQG0X146,0.356262773705954
3MG8450X2OAW59S08N7RZG9IITFUPE,0.3053934730772485
3D0LPO3EABZV1I043OR1D1A54E7YOG,0.30744582146730526
3BA7SXOG1JQJJP12ICAB8JR8MKSR84,0.32176805102165706
36FFXPMST9O9FNAFTONDR1F2EGCOHL,0.3212571926331913
371QPA24C2OEO4U9NG6RTO5IW0Z1TP,0.34142981348907564
3J9L0X0VDFMO5Q1YMYQVVEU0Y5K9W9,0.305904024230723
3CVBMEMMXBG2UHIGC26BGFT7OS0H7O,0.3418479402418433
3LAZVA75NIR50X7XA3K64X90PYWO27,0.3429631518779859
31SIZS5W59FPPT1Y46RBUAC8GQ8RQ9,0.3234726171628212
31S7M7DAGGQREBYDGQOAD3EWU52TLJ,0.3394864219693166
3VMV5CHJZ8FBSJKC5ZRU0B9OYQYGTM,0.34559351395718596
33IXYHIZB5IJO6U8GPHAZLFMLVOE2P,0.33733740695901043
3LAZVA75NIR50X7XA3K64X90PZCO2P,0.3516532754774947
3MIVREZQVHY32PO3EMIETYQULYFKQA,0.3241835123239816
3RIHDBQ1NEYLFKP3G880ZXQXJIFMHQ,0.3029729805607975
3Q2T3FD0ON86LCI41NJYV3PN0BW3MV,0.2948434357955362
3ZVPAMTJWN3YC47K1AMZ0W86A3OGRS,0.40694512927960247
3CKVGCS3PG5D2FWC2XX15EQMPQXS08,0.3165409484881697
334ZEL5JX6FY5WOV4IZCVFM4NP9SOM,0.32109520500872824
306996CF6WKESI0SNUF6TUZWQUG1BI,0.3200488923810828
3UDTAB6HH6ZVX00DTRXAOJLWX0509Y,0.3715285617851093
306W7JMRYYYW3IKDMFOL84M44Y8B8U,0.3695113986760541
375VSR8FVW9Y3L2PR2AOL3OCLTTRZ3,0.31547613310678
33NOQL7T9OZSLGNTST4OUMT7V1P8ZS,0.34757223148340993
3BFF0DJK8XCEIOT30ZLBPPSRM0BTS0,0.3146850485062502
308KJXFUJR6AIS79JZZK4PYL0TKATZ,0.34010640230538114
3W1K7D6QSBHBNEL0V5OYLOJ837ABZU,0.3442615425377075
3RWB1RTQDJNY7CLN5K6M3ORTL408PT,0.33271277337504385
3UAU495MIISEK9GZTNUCAG4S8OUUO8,0.34002729504574825
31ODACBENUF1Q81BJVRGKKH42TCSQL,0.34996222404600147
3A9LA2FRWSEW9WO7UFA9AE6VQKYHX0,0.3172664572182039
3VGZ74AYTGGU62I1JDW4B19KA2GCGD,0.3207471287638196
3QGTX7BCHP29YY4RUVXLI2JGTBAZ53,0.34399892334291166
3FW4EL5A3LORTQISN5M9XK6XOT022F,0.33189018148247645
3RBI0I35XE36FT7IKQ79PYCU9LTY3Z,0.39573816138235945
3QREJ3J433XSBS8QMHAICCR0BQ1LKR,0.31700222003701833
391FPZIE4CM4SSUCPAZMQ77RW3YHUR,0.31067106670604755
382GHPVPHSRQHMTYVJJ2998NEMF439,0.3633486384416734
3MWOYZD5WVO1PJWQWMIQWLCY0QUONZ,0.3124278992765205
3VMHWJRYHVGCV0X1ZPM97TUIA61XF0,0.34235319726818725
3909MD9T2ZH3P06K4KWHJ49BU1BFEW,0.3144771831615495
3NQUW096N688UWPZIKJTM3DK0W49L0,0.30350802132478333
3PIOQ99R7YMW2OGNS8UZVR4NIEVUNZ,0.3274107742336355
3CMIQF80GNQW3A3ECIODJFLCK3E6QA,0.3405012344702377
3B0MCRZMBRUJD4K4R18XPAMJAE2PPW,0.32720520875679426
3TZ0XG8CBUKDFP5GOVAPHYREGZ289G,0.34044527287691884
3E6L1VR4XWMZCLD5Y2DJ7GHYD26F6S,0.34156475409366693
3INZSNUD80QPWK1753L53Q5FRQZD9R,0.36509282849078695
3O71U79SRBPA5T3JR2KZ3BXZSSFMSS,0.34288878965540975
3VMV5CHJZ8FBSJKC5ZRU0B9OYQYTGZ,0.33817731336382806
31SIZS5W59FPPT1Y46RBUAC8GO1QRX,0.30165812073624343
3D1UCPY6GG9R0NG07M9FQLOSG7S83Z,0.31298944005701973
3S8A4GJRD33O8IZVYHINP2KK1TY6V5,0.34084078993024197
3GL25Y6843UI1APILCQM2JER77HXMB,0.34257293809748474
3XU9MCX6VOC8XAZD2V1AYSE50KUR2V,0.3169608437580249
3Y40HMYLL1I1EIURUEH8TTVLKQ9XUM,0.31850736775037286
3X878VYTIEIIGLRAHCIBDUHU8DQF7R,0.32141492958329526
3YLPJ8OXX8D2XK0CF8QQGPXRLD04XL,0.3286309630301763
38XPGNCKHT0ATVVHFTP8S40652DV4U,0.3651010685613354
3VDVA3ILIDFAJZ833G7KU5QT67A1G1,0.33037168719658494
39WICJI5ATS6KJHNGC9S35LWFGZ3ZZ,0.3595008493079087
3WKGUBL7SZM7XQJN1PN25V24E424LB,0.31029006066466447
3WJGKMRWVI9RUI8AHNVW5G6NXAHCDK,0.33108575139937624
3O71U79SRBPA5T3JR2KZ3BXZSTWMSB,0.3395662726743186
39O0SQZVJN7FJBWJ87I5UJVDB0MR7H,0.3237299382705041
3J9UN9O9J3SK3CDMF3ONDDZZT62J0Z,0.33272652485509024
3OPLMF3EU5NTJYTTJU2Y44845OHNLF,0.3409180924845191
3NRZ1LDP7W6DR8MAEA6ZG8OXK95ZPF,0.32388467551776007
3VGET1QSZ0ZKR7D571SBHI3U3D67W1,0.32026783851970064
3VGZ74AYTGGU62I1JDW4B19KA2XGCY,0.33194507815140495
3XJOUITW8UR258EQ8VW6UPDQ4D7QTR,0.320863389682619
3NQUW096N688UWPZIKJTM3DK0YGL9S,0.3362858793209603
3X878VYTIEIIGLRAHCIBDUHU8A6F71,0.3187090575444968
338431Z1FLFM4HOIPTZ755H81RUOR6,0.34573029446103176
368IUKXGA58B3Y2ZC59OJAV2F596PW,0.3188226251770339
3YGE63DIN8X69WDLM27223T7V5D0WJ,0.32220065589059776
3DZKABX2ZI5DOZ8W88VQB2CUXFUVC7,0.33590971290103944
3LEG2HW4UFNBUKU4B01GH30MXYLF2U,0.33090793295531423
362E9TQF2HQLJ541BNSQM47FN7HIG2,0.3375324038336758
375VSR8FVW9Y3L2PR2AOL3OCLRTZR7,0.3806501210696732
3JMQI2OLFZ5ALM516D4ALR0ZWFGDNQ,0.35145805723901513
3LN3BXKGC0V3K0O604W5NVGN2G7WGB,0.360430646016031
329E6HTMSW2BVOI1GB6IGQXJB613KQ,0.31457298648452775
3AFT28WXLF29BILZZ65YRDGHEV9OI0,0.30663004230854574
3X2YVV51PU46GLY3ILB2G8CH0RK1WC,0.3754911584921741
37Y5RYYI0P5LZ52N59M8ESDXZTEXSW,0.30426441495241247
33N1S8XHHMLAAG38T8V9FC6ZHX1Z1L,0.3431666961211234
3JHB4BPSFK9JLT5CAPRP3PCEA2CQ9R,0.3168527480483442
33BFF6QPI1B2QOCI5PPL41REYFC3WS,0.3562226037472283
3VADEH0UHCXGQW0WJICRKFRUXUFSPD,0.33018446208981195
3MG8450X2OAW59S08N7RZG9IITQUPP,0.29225601115854416
335VBRURDJ0UOQF71YWP98N0R20E9L,0.3353308737493327
3MJ9GGZYO36GYTDW0KFO32PV0G7A27,0.35438405288483255
3126F2F5F83FGDVEINSMVYNFW5WPE3,0.32331116703366414
32K26U12DNONTREA84Q1V8UCIJYVD7,0.31817400747747615
3ABAOCJ4R84YSDO6ZYVU8BIYA39QMK,0.3410483973526972
3ZTE0JGGCESIYFZZ7W9CGAIM1QSCOP,0.3397855655571921
33NOQL7T9OZSLGNTST4OUMT7VZYZ8O,0.3282460180341613
30P8I9JKOILSPEZHTY8IXW6K50Z5V4,0.30024218843827544
3W5PY7V3UP7H0797NBZW55TJ5KZJYK,0.3249966881741737
371QPA24C2OEO4U9NG6RTO5IWZK1T8,0.3296203135713791
3BCRDCM0ODUAS75JZD4GNT93LVVK61,0.3469481776402837
3ZQA3IO31BRYBCP1RZKSZEZVXSIO1Q,0.34899782081986236
351S7I5UG9WNO85TG9QLOPVC1YXJNS,0.3456781326753547
3RIHDBQ1NEYLFKP3G880ZXQXJE6HM4,0.3068739470974631
3OND0WXMHWFN3WXQZAKHMPLOAGQHEY,0.3200831057424933
30U1YOGZGAW71ZX6E9LWKLA5JD2SDT,0.3384438456862083
3UV0D2KX1MJLXY9RFEK4AIXKHAGF4L,0.3484140375939782
3PZDSVZ3J5HXLQM8D23HIN6TJ124NH,0.3100622608319267
3QE4DGPGBRBRBY5MQYQMS3XWIRH4GE,0.3469336033385467
3XAOZ9UYRZR1WO2H6CCWOJUVCSFQ1D,0.3140859783634685
367O8HRHKG8U13EDLYK3HHGZ609S4G,0.31724870849350545
3BS6ERDL9372E1Z97WITJGED1PR6D9,0.3560381748433553
3LG268AV3860SQBTVFWB0TNUXNQERQ,0.3872500811617167
3ATYLI1PRT256T55HOQY3EVHRA0OJE,0.349984380133874
3XD2A6FGFNUVY9KP2TGUYPRFSSNS9C,0.3748425275203722
3T2EL38U0MK9MPNAD5X3JSYWH7TQX4,0.3143164574652311
3XH7ZM9YX2UJXUKCN4GP8FMJ6RPR9A,0.31941515382491187
3NBFJK3IOHIVFRF49I5V6131ZH1GOI,0.3261768827108241
3ATYLI1PRT256T55HOQY3EVHRCJOJ1,0.3170738492848156
3R5OYNIC2C9H5WDB8IHHUKNGZFJTPX,0.3539950670568541
3MIVREZQVHY32PO3EMIETYQULWOQKL,0.3500736125903951
3DWNFENNE3V120VNY4BPPGPCAII4J0,0.3515822755374066
3JTPR5MTZSCE9355UUUBVNV3P2S5KI,0.30362939929242233
337F8MIIMZDU0UU1CW1J7BAGB8R406,0.33046143742214895
3GS542CVJVNUS7MEQX3M5EHNEAK59W,0.4055636958513109
3BFNCI9LYKQN09BHXHH9CLSX5M137K,0.33194916590497103
36818Z1KV3D5JB9F4KTTMCUN6W83AG,0.35757997578273626
3ZC62PVYDHATVMOMZJSVD0UPEB1XXV,0.3195601929217424
3K8CQCU3KE19US5SN890DFPK3SANWR,0.2942509071476582
3DZKABX2ZI5DOZ8W88VQB2CUXHLCVJ,0.32135613939486884
388FBO7JZRTDJX0S29ROYCA0E42YN1,0.3350486250722588
3W31J70BASWZ8OEK94HJ9T1DHLICK5,0.32580417439861137
388CL5C1RJN1927IGW7LZKB8J9XLHN,0.3614591911442783
33KMQD9OFJE51SC4ZTKZP24DAQR771,0.34567700785459643
3P520RYKCH6SCZAHO8YD1A41RTPU53,0.35932140349953723
31KPKEKW4ADELTFARBB6FPGML29B0O,0.34538193059752326
3K1H3NEY7LZ4BUOFJ9RFV7R2V29GDY,0.36141820239707656
3421H3BM9AH2Z61ZFZ7G6O0SW9B9JE,0.3502082443754516
3Y3N5A7N4G971FFSQ8COLXL09ESYM1,0.35572152262907497
3K2CEDRACB1BKTGYG2PPDGTLUAEMT0,0.3257627774656399
3MWOYZD5WVO1PJWQWMIQWLCY0TMONX,0.3095262063789699
3CESM1J3EI31N7Z0ORNJB43Y85WW67,0.32676571214583544
3UY4PIS8QRLGTRPPQKKFKPZQ7FG1NL,0.34410172990690163
3566S7OX5DJRQ6X2AD3QOSD072N17Q,0.31111890743516757
344M16OZKIFFDSJ128FUR9IKWRGENJ,0.31071499679998626
3J6BHNX0U9SIZSBBYUQXP4VPGNSKNN,0.3282115627694121
3DGDV62G7O9NLXJYP3XLTXEQZ2CP27,0.31891404580042976
3Q2T3FD0ON86LCI41NJYV3PN0CH3MI,0.32814430894674224
31SIZS5W59FPPT1Y46RBUAC8GQ9QR9,0.3297509700179323
3OWZNK3RYLP0D2RU6PWF331P7KJU2P,0.33120698584377284
3OB6JN3A9QPY4E36CDKUD1S36PHRMS,0.3752225148172914
3HY86PZXPYICZLCCXLHWU25HTRSE1U,0.3316149660822936
3X0EMNLXEPPWIOH0DDHWV2B1W23VPN,0.3458808579414991
38O9DZ0A62NFBR1TA7YCNXN94XN26F,0.3195284700573218
32CXT5U14G3BZHTJM65GDUESTJQU85,0.33308893490734637
3O0M2G5VC62CWOIECSKC0MB9EEP49Q,0.32391236768739345
3ZICQFRS31I75COG1J4176QBUACZZ4,0.3242529324663276
3Y7LTZE0YTMQJDU6VW5TQEBWSS3ZUL,0.36068372933969517
359AP8GAGGKBD970QASA5OWRBX27C6,0.3542191364164099
3RQVKZ7ZRKJYFRFYTH34TBN5Z9M27V,0.34440166414965984
3EKTG13IZU3N1G8T7TNYRPJ40Y8LME,0.3404063457582237
3ICOHX7ENCBCSWRU12DWGXM7OVV0EE,0.325404248770397
3NSM4HLQNRUPDSMYRR2BPK23K2GQQD,0.35052374477612946
3L1EFR8WWT5MU4F3W9GVRQ8034W9FH,0.3593062253228217
3VZYA8PITOYCWDY1Q1KTC3GUB4M50C,0.3303474721423131
3O2Y2UIUCQU6B0YU067KHZMGEW6KFG,0.30052962953458945
3CESM1J3EI31N7Z0ORNJB43Y86E6W1,0.3144771831615495
3L55D8AUFAXUST31DJIAI1GOFZ8CYF,0.32141492958329526
3LB1BGHFL2WBEA5CZ5D07BGS3KSYT2,0.3110462120144899
3NSM4HLQNRUPDSMYRR2BPK23K8TQQ2,0.3516087254124123
3ZXNP4Z39RL4GD163NL987ME56G7LM,0.33976517704127496
391FPZIE4CM4SSUCPAZMQ77RW04UH4,0.3140519181279633
3TC2K6WK9G22F5KH3MVA7BJ0ASD281,0.32182968901601866
3EHVO81VN5LOJV3ENMP2F52UL641HF,0.3276519543926347
3D06DR5225J65XHPA2Y8IB3T6LNMA9,0.3297828857585464
3NC6WP7WJHKZHME6F90N9Y2BW7PWW8,0.31731225442153616
3R6RZGK0XFCQR29140DF8T4D074YVI,0.3434232747971414
3EHIMLB7F7Z6UVNZM7YHUFP2Z9HH8G,0.3174042879490204
32L724R85LKRWIX0E6IDGDL7O05PII,0.35140224967981304
30IRMPJWDZJ3EQ33R17EYO0ZHKMKRG,0.30745446600328324
31SIZS5W59FPPT1Y46RBUAC8GOWRQT,0.4076755001157148
3S1L4CQSFX50ZNP8OFUVNLJK9I4FAK,0.31478833757579794
3NQUW096N688UWPZIKJTM3DK00K9LO,0.34089649371713315
35U0MRQMUJ7EXO5ZYD4H626BMTROVB,0.31620220991542547
38F60IALAGHEHF9RRX2RFJM8RBUT0L,0.32547879643354716
3TUOHPJXYHXE6MJWPEW9BHGI56YWXY,0.4076755001157148
3D1TUISJWI04ON5WVSH7QJ86WHZUIL,0.32607803945931346
373L46LKP76MG2KQJWY5WXE873SKJO,0.37700769837587544
3RTFSSG7T86J6S27BVTL0NLVYXTLW6,0.3363825520662518
3HYV4299H0WUALWXW6QB9CSP7XY8E8,0.31917813612717627
39HYCOOPKOL434K1UCPA8CBZRP6DMQ,0.3362378974075177
31SIZS5W59FPPT1Y46RBUAC8GQ8QR8,0.2948685170797797
32FESTC2NHQDBKJW3ILLFGABJACCUU,0.3667286576678302
36818Z1KV3D5JB9F4KTTMCUN6VS3AY,0.31694190046608006
3D17ECOUOEV9PNWF8100BB1K20131N,0.3304893507259859
3126F2F5F83FGDVEINSMVYNFW7YPE9,0.3422262777096964
37VHPF5VYC3FDNCJ0FKGJOSMMJPC8J,0.3496040501841224
3O71U79SRBPA5T3JR2KZ3BXZSTWSMH,0.3291846831297605
3Q7TKIAPOTAKXM2GU0OV8ZWARJVLD9,0.3369308152079884
3WKGUBL7SZM7XQJN1PN25V24E4BL41,0.30858483692404276
3W3RSPVVGSR6EOD2GVEKIZ0YDLRLUO,0.3909519553033941
33EEIIWHK77HI0IFDQWLV71B1YNQV7,0.3316407634429823
3QGTX7BCHP29YY4RUVXLI2JGTB4Z5X,0.3279881861560624
3CVBMEMMXBG2UHIGC26BGFT7OTMH7C,0.3722193860482495
338GLSUI43B4ZJB25FGM8LDQVQOSFA,0.32179269778701836
3JUDR1D0D6R8L9KDPGCAT2404YTQ2U,0.34737846036087905
3VW0145YLYCH6QKT48BLBA6CWALMJX,0.30438289395863904
3TLFH2L6Y9OLDPC56K65Y7FNO5RT2A,0.3151196882822175
38LRF35D5LWPYKNDAPAKMD6HDXYU3D,0.4120058418267212
3UAU495MIISEK9GZTNUCAG4S8QVUOD,0.3537203259729583
3FW4EL5A3LORTQISN5M9XK6XOQ322C,0.318076742019893
3RSBJ6YZECQP1RJ9YYZDOG3PY3HFO0,0.3428067259622025
3R5LWXWHR08I90TWA9SRPEUUBIKXGC,0.3168980881192158
3TZDZ3Y0JS6V4PLVPA1A2O462SB91A,0.3382523301521527
3TTPFEFXCTKJQH4BTS1JA1TBTHK6HI,0.3626985221890842
3G5RUKN2EC3YIWSKUXZ8ZVH95VK9NQ,0.3188104464812478
31KSVEGZ34SU9QXKGFQHMZUU4PDWR2,0.30816446196933023
3QMELQS6Y5BWFBIEPXDDO5VHGR16R0,0.3032826883179022
3SBNLSTU6U542BJK91F4GE786QQZDP,0.3181330187302744
3OND0WXMHWFN3WXQZAKHMPLOAESHEW,0.3475605437287719
38VTL6WC4AD9T8UMY9V24VAENH15YD,0.3529405648345826
3UEBBGULPFOKEW36UKBMNMVEGLRUF6,0.32562814018095365
3RKHNXPHGWWVUIVKVV2J3ZNJOLMKUK,0.3777233013500908
3MXX6RQ9EV5XOBYLTHG9MCBOJI4P43,0.35757997578273626
3L21G7IH47WA5QT3XMTQ15XXB301YZ,0.3075244180952772
3P6ENY9P79WZJ1ZCVTA874JG27ZHI5,0.3078367747618235
